BranchC,Build Time,Binary Size
00001,11.4075,3255944
00002,11.3205,3239240
00003,10.46,3020352
00004,8.8805,2676232
00005,10.1895,2951672
00006,10.200500000000002,2978064
00007,9.082,2644256
00008,8.3325,2620824
00009,12.7955,3539272
00010,10.7645,3051592
00011,10.4645,2934360
00012,10.8065,3189624
00013,8.524999999999999,2562776
00014,11.7425,3362936
00015,11.677,3284152
00016,9.883,2735152
00017,7.6045,2407800
00018,11.7635,3385544
00019,10.59,2878640
00020,8.4485,2633736
