Br2,max,mean,min
00001,8.6463,8.609766666666667,8.5638
00002,8.3104,8.276533333333333,8.227
00003,11.7625,11.719566666666665,11.697
00004,11.4084,11.382033333333334,11.3572
