BranchC,Build Time,Binary Size
00001,38.0855,1913968
00002,38.5975,1938720
00003,34.909499999999994,2278824
00004,70.5765,3047312
00005,38.244,2442528
00006,65.99799999999999,2845544
00007,21.296,1601416
00008,20.7945,1657760
00009,66.402,2836352
00010,32.2695,1749400
00011,65.72149999999999,2838496
00012,38.1305,1914320
00013,20.6075,1572712
00014,17.897,1463912
00015,33.9135,2223376
00016,18.567,1554512
00017,40.736,2046072
00018,19.1355,1564568
00019,35.15,2281776
00020,37.87,1914320
